{
  "timestamp": "20251121_121920",
  "model_type": "RandomForestClassifier",
  "model_params": {
    "bootstrap": true,
    "ccp_alpha": 0.0,
    "class_weight": "balanced",
    "criterion": "gini",
    "max_depth": 15,
    "max_features": "sqrt",
    "max_leaf_nodes": null,
    "max_samples": null,
    "min_impurity_decrease": 0.0,
    "min_samples_leaf": 5,
    "min_samples_split": 10,
    "min_weight_fraction_leaf": 0.0,
    "monotonic_cst": null,
    "n_estimators": 200,
    "n_jobs": -1,
    "oob_score": false,
    "random_state": 42,
    "verbose": 0,
    "warm_start": false
  },
  "n_samples": 4615,
  "n_features": 11,
  "features": [
    "pagerank_score",
    "in_degree",
    "out_degree",
    "total_degree",
    "betweenness_centrality",
    "clustering_coefficient",
    "incoming_exposure",
    "outgoing_exposure",
    "total_exposure",
    "total_assets",
    "equity"
  ],
  "metrics": {
    "f1_score": 0.21267893660531698,
    "roc_auc": 0.5554916618746405,
    "confusion_matrix": [
      [
        948,
        14
      ],
      [
        371,
        52
      ]
    ],
    "classification_report": {
      "0": {
        "precision": 0.7187263078089462,
        "recall": 0.9854469854469855,
        "f1-score": 0.8312143796580447,
        "support": 962.0
      },
      "1": {
        "precision": 0.7878787878787878,
        "recall": 0.12293144208037825,
        "f1-score": 0.21267893660531698,
        "support": 423.0
      },
      "accuracy": 0.7220216606498195,
      "macro avg": {
        "precision": 0.7533025478438671,
        "recall": 0.5541892137636819,
        "f1-score": 0.5219466581316808,
        "support": 1385.0
      },
      "weighted avg": {
        "precision": 0.7398465237436342,
        "recall": 0.7220216606498195,
        "f1-score": 0.6423042768339986,
        "support": 1385.0
      }
    },
    "feature_importance": {
      "total_degree": 0.2722679459821395,
      "clustering_coefficient": 0.19885990813946636,
      "out_degree": 0.15438091821397548,
      "pagerank_score": 0.1487488502941851,
      "in_degree": 0.12876902933848763,
      "outgoing_exposure": 0.03478051201605966,
      "total_exposure": 0.018402435228650527,
      "betweenness_centrality": 0.017190418691550625,
      "incoming_exposure": 0.011160011712377507,
      "equity": 0.008889551838374444,
      "total_assets": 0.006550418544733246
    }
  },
  "hypothesis_met": false,
  "training_samples": 3230,
  "testing_samples": 1385
}