{
  "timestamp": "20251121_123057",
  "model_type": "RandomForestClassifier",
  "model_params": {
    "bootstrap": true,
    "ccp_alpha": 0.0,
    "class_weight": "balanced",
    "criterion": "gini",
    "max_depth": 15,
    "max_features": "sqrt",
    "max_leaf_nodes": null,
    "max_samples": null,
    "min_impurity_decrease": 0.0,
    "min_samples_leaf": 5,
    "min_samples_split": 10,
    "min_weight_fraction_leaf": 0.0,
    "monotonic_cst": null,
    "n_estimators": 200,
    "n_jobs": -1,
    "oob_score": false,
    "random_state": 42,
    "verbose": 0,
    "warm_start": false
  },
  "n_samples": 4615,
  "n_features": 11,
  "features": [
    "pagerank_score",
    "in_degree",
    "out_degree",
    "total_degree",
    "betweenness_centrality",
    "clustering_coefficient",
    "incoming_exposure",
    "outgoing_exposure",
    "total_exposure",
    "total_assets",
    "equity"
  ],
  "metrics": {
    "f1_score": 0.9958662157083803,
    "roc_auc": 0.9979530734449469,
    "confusion_matrix": [
      [
        49,
        0
      ],
      [
        11,
        1325
      ]
    ],
    "classification_report": {
      "0": {
        "precision": 0.8166666666666667,
        "recall": 1.0,
        "f1-score": 0.8990825688073395,
        "support": 49.0
      },
      "1": {
        "precision": 1.0,
        "recall": 0.9917664670658682,
        "f1-score": 0.9958662157083803,
        "support": 1336.0
      },
      "accuracy": 0.992057761732852,
      "macro avg": {
        "precision": 0.9083333333333333,
        "recall": 0.9958832335329342,
        "f1-score": 0.9474743922578599,
        "support": 1385.0
      },
      "weighted avg": {
        "precision": 0.9935138387484957,
        "recall": 0.992057761732852,
        "f1-score": 0.9924421011248779,
        "support": 1385.0
      }
    },
    "feature_importance": {
      "clustering_coefficient": 0.2517097134053325,
      "total_degree": 0.20747642504074815,
      "out_degree": 0.1792927308723804,
      "pagerank_score": 0.15013590655836548,
      "in_degree": 0.13217352021459686,
      "outgoing_exposure": 0.04260618526824703,
      "betweenness_centrality": 0.01982892016101862,
      "incoming_exposure": 0.0062798373538960365,
      "total_assets": 0.005846720367214108,
      "total_exposure": 0.004377849523614991,
      "equity": 0.0002721912345859471
    }
  },
  "hypothesis_met": true,
  "training_samples": 3230,
  "testing_samples": 1385
}