{
  "timestamp": "20251121_120646",
  "model_type": "RandomForestClassifier",
  "model_params": {
    "bootstrap": true,
    "ccp_alpha": 0.0,
    "class_weight": "balanced",
    "criterion": "gini",
    "max_depth": 8,
    "max_features": "sqrt",
    "max_leaf_nodes": null,
    "max_samples": 0.8,
    "min_impurity_decrease": 0.0,
    "min_samples_leaf": 10,
    "min_samples_split": 20,
    "min_weight_fraction_leaf": 0.0,
    "monotonic_cst": null,
    "n_estimators": 100,
    "n_jobs": -1,
    "oob_score": false,
    "random_state": 42,
    "verbose": 0,
    "warm_start": false
  },
  "n_samples": 4615,
  "n_features": 11,
  "features": [
    "pagerank_score",
    "in_degree",
    "out_degree",
    "total_degree",
    "betweenness_centrality",
    "clustering_coefficient",
    "incoming_exposure",
    "outgoing_exposure",
    "total_exposure",
    "total_assets",
    "equity"
  ],
  "metrics": {
    "f1_score": 0.2440677966101695,
    "roc_auc": 0.5666028650895715,
    "confusion_matrix": [
      [
        1126,
        27
      ],
      [
        196,
        36
      ]
    ],
    "classification_report": {
      "0": {
        "precision": 0.8517397881996974,
        "recall": 0.9765828274067649,
        "f1-score": 0.9098989898989899,
        "support": 1153.0
      },
      "1": {
        "precision": 0.5714285714285714,
        "recall": 0.15517241379310345,
        "f1-score": 0.2440677966101695,
        "support": 232.0
      },
      "accuracy": 0.8389891696750903,
      "macro avg": {
        "precision": 0.7115841798141345,
        "recall": 0.5658776205999342,
        "f1-score": 0.5769833932545797,
        "support": 1385.0
      },
      "weighted avg": {
        "precision": 0.804785129505906,
        "recall": 0.8389891696750903,
        "f1-score": 0.7983662557163139,
        "support": 1385.0
      }
    },
    "feature_importance": {
      "total_degree": 0.2172466995091943,
      "out_degree": 0.18881335515036216,
      "pagerank_score": 0.18672882462493842,
      "in_degree": 0.15358701820570594,
      "total_exposure": 0.09967352583842802,
      "clustering_coefficient": 0.0983711172534152,
      "outgoing_exposure": 0.017919650868035278,
      "betweenness_centrality": 0.011738807028300994,
      "incoming_exposure": 0.010944346413912715,
      "equity": 0.007595680845310792,
      "total_assets": 0.007380974262396043
    }
  },
  "hypothesis_met": false,
  "training_samples": 3230,
  "testing_samples": 1385
}